agency_id,parser_id,docs_fetched,doc_count,docs_inserted,date_range_min,date_range_max,error
los-angeles-county-probation-department,rave,0,0,0,,,no_url
san-francisco-county-sheriffs-department,rave,0,0,0,,,no_url
los-angeles-county-sheriffs-department,crimemapping,0,0,0,,,no_parser (platform_type='crimemapping')
amador-county-coroner,rave,0,0,0,,,no_url
moraga-police-department,civicplus,0,0,0,,,no_url
san-gabriel-police-department,citizenrims,0,0,0,,,no_url
el-monte-police-department,civicplus,0,0,0,,,no_url
los-angeles-port-police-department,crimemapping,0,0,0,,,no_parser (platform_type='crimemapping')
tehama-county-district-attorney,arcgis,0,0,0,,,no_url
colton-police-department,crimemapping,0,0,0,,,no_parser (platform_type='crimemapping')
inyo-county-district-attorney,citizenrims,0,0,0,,,no_url
los-angeles-world-airports-police-department,rave,0,0,0,,,no_url
escalon-police-department,nixle,0,0,0,,,no_url
los-banos-police-department,rave,0,0,0,,,no_url
compton-community-college-police-department,nixle,0,0,0,,,no_url
murrieta-police-department,crimemapping,0,0,0,,,no_parser (platform_type='crimemapping')
yuba-city-police-department,arcgis,0,0,0,,,no_url
ca-california-governors-office-of-emergency-services,arcgis,0,0,0,,,no_url
concordia-university-department-of-campus-safety-and-security,rave,0,0,0,,,no_url
kern-county-sheriffs-department,nixle,0,0,0,,,no_url
exposition-park-department-of-public-safety,rave,0,0,0,,,no_url
kern-high-school-district-police-department,arcgis,0,0,0,,,no_url
ca-department-of-industrial-relations,rave,0,0,0,,,no_url
fontana-police-department,crimemapping,0,0,0,,,no_parser (platform_type='crimemapping')
redondo-beach-police-department,arcgis,0,0,0,,,no_url
tuolumne-county-district-attorney,civicplus,0,0,0,,,no_url
monterey-county-sheriffs-department,rave,0,0,0,,,no_url
ca-department-of-parks-and-recreation,rave,0,0,0,,,no_url
marin-county-sheriffs-department,citizenrims,0,0,0,,,no_url
rialto-police-department,crimemapping,0,0,0,,,no_parser (platform_type='crimemapping')
calaveras-county-coroner,arcgis,0,0,0,,,no_url
calaveras-county-district-attorney,arcgis,0,0,0,,,no_url
ridgecrest-police-department,civicplus,0,0,0,,,no_url
corona-police-department,crimemapping,0,0,0,,,no_parser (platform_type='crimemapping')
selma-police-department,rave,0,0,0,,,no_url
lakeport-police-department,nixle,0,0,0,,,no_url
ca-national-guard,arcgis,0,0,0,,,no_url
glenn-county-sheriffs-departmentcoroner,rave,0,0,0,,,no_url
orange-county-sheriffs-departmentcoroner,crimemapping,0,0,0,,,no_parser (platform_type='crimemapping')
ca-state-lottery,rave,0,0,0,,,no_url
greenfield-police-department,civicplus,0,0,0,,,no_url
menifee-police-department,arcgis,0,0,0,,,no_url
lassen-county-sheriffs-department,citizenrims,0,0,0,,,no_url
sonoma-county-sheriffs-office,nixle,0,0,0,,,no_url
cerritos-college-police-department,rave,0,0,0,,,no_url
university-of-southern-california-department-of-public-safety,rave,0,0,0,,,no_url
pacific-grove-police-department,arcgis,0,0,0,,,no_url
chico-police-department,arcgis,0,0,0,,,no_url
roseville-police-department,arcgis,0,0,0,,,no_url
upland-police-department,crimemapping,0,0,0,,,no_parser (platform_type='crimemapping')
long-beach-department-of-disaster-preparedness-and-emergency-communications,rave,0,0,0,,,no_url
san-bernardino-county-sheriff-coroner,rave,0,0,0,,,no_url
beverly-hills-police-department,crimemapping,0,0,0,,,no_parser (platform_type='crimemapping')
biola-university-campus-safety-department,rave,0,0,0,,,no_url
pinole-police-department,citizenrims,0,0,0,,,no_url
claremont-police-department,rave,0,0,0,,,no_url
blythe-police-department,civicplus,0,0,0,,,no_url
sutter-county-sheriffs-department,crimemapping,0,0,0,,,no_parser (platform_type='crimemapping')
montebello-police-department,socrata,0,0,0,,,no_url
el-centro-police-department,citizenrims,0,0,0,,,no_url
los-angeles-county-department-of-medical-examiner,rave,0,0,0,,,no_url
clearlake-police-department,citizenrims,0,0,0,,,no_url
brentwood-police-department,citizenrims,0,0,0,,,
el-cerrito-police-department,civicplus,0,0,0,,,
tehachapi-police-department,civicplus,3,0,0,2026-01-13T00:00:00,2026-02-12T00:00:00,
alpine-county-sheriffs-department,civicplus,3,0,0,2026-01-15T00:00:00,2026-02-19T00:00:00,
monterey-park-police-department,citizenrims,0,0,0,,,
cloverdale-police-department,civicplus,3,0,0,2025-01-30T00:00:00,2026-02-10T00:00:00,
placer-county-district-attorney,civicplus,260,0,0,2018-10-30T00:00:00,2026-02-20T00:00:00,
windsor-police-department,civicplus,3,0,0,2025-12-13T00:00:00,2026-02-18T00:00:00,
humboldt-department-of-health-and-human-services,civicplus,100,0,0,2017-05-05T00:00:00,2026-02-09T00:00:00,
el-dorado-county-sheriffs-department,citizenrims,0,0,0,,,
tehama-county-coroner,citizenrims,0,0,0,,,
placer-county-sheriffs-department,civicplus,260,0,0,2018-10-30T00:00:00,2026-02-20T00:00:00,
inglewood-police-department,civicplus,17,0,0,2017-08-07T00:00:00,2026-02-19T00:00:00,
winters-police-department,civicplus,4,0,0,2016-11-22T00:00:00,2023-10-27T00:00:00,
burlingame-police-department,citizenrims,0,0,0,,,
placerville-police-department,citizenrims,0,0,0,,,
morgan-hill-police-department,civicplus,12,0,0,2025-10-31T00:00:00,2026-02-16T00:00:00,
woodland-police-department,civicplus,9,0,0,2022-02-22T00:00:00,2026-02-10T00:00:00,
san-mateo-police-department,citizenrims,0,0,0,,,
emeryville-police-department,citizenrims,0,0,0,,,
butte-county-district-attorney,civicplus,12,0,0,2016-11-22T00:00:00,2026-02-11T00:00:00,
pleasant-hill-police-department,citizenrims,0,0,0,,,
tehama-county-sheriffs-department,citizenrims,0,0,0,,,
amador-county-sheriffs-department,citizenrims,0,0,0,,,
colusa-county-district-attorney,civicplus,3,0,0,2026-02-04T00:00:00,2026-02-17T00:00:00,
alpine-county-district-attorney,civicplus,3,0,0,2026-01-15T00:00:00,2026-02-19T00:00:00,
coalinga-police-department,civicplus,3,0,0,2026-01-22T00:00:00,2026-01-22T00:00:00,
inyo-county-sheriffs-department,citizenrims,0,0,0,,,
burbank-police-department,nixle,0,0,0,,,
morro-bay-police-department,civicplus,3,0,0,2025-10-22T00:00:00,2026-02-10T00:00:00,
calaveras-county-sheriffs-department,citizenrims,0,0,0,,,
pleasanton-police-services,citizenrims,0,0,0,,,
yolo-county-sheriffs-department,nixle,1,0,0,,,
temecula-police-department,civicplus,16,0,0,2024-06-11T00:00:00,2026-02-19T00:00:00,
amador-county-district-attorney,rave,0,0,0,,,
anaheim-police-department,civicplus,0,0,0,,,
colusa-county-sheriffs-department,civicplus,3,0,0,2026-02-04T00:00:00,2026-02-17T00:00:00,
mountain-view-police-department,citizenrims,0,0,0,,,
irwindale-police-department,civicplus,9,0,0,2018-02-24T00:00:00,2025-11-24T00:00:00,
yreka-police-department,citizenrims,0,0,0,,,
butte-county-sheriffs-departmentcoroner,citizenrims,0,0,0,,,
escondido-police-department,civicplus,0,0,0,,,
plumas-county-district-attorney,civicplus,6,0,0,2025-10-03T00:00:00,2026-02-10T00:00:00,
los-gatosmonte-sereno-police-department,civicplus,12,0,0,2023-01-03T00:00:00,2026-02-20T00:00:00,
tiburon-police-department,civicplus,9,0,0,2025-01-22T00:00:00,2026-02-20T00:00:00,
kerman-police-department,civicplus,12,0,0,2023-08-16T00:00:00,2026-02-18T00:00:00,
santa-barbara-police-department,arcgis,0,0,0,,,
angels-camp-police-department,nixle,9,0,0,2016-08-18T14:54:10-07:00,2025-08-21T10:06:31-07:00,
los-rios-community-college-district-police-department,citizenrims,0,0,0,,,
eureka-police-department,civicplus,0,0,0,,,
plumas-county-sheriffs-department,civicplus,6,0,0,2025-10-03T00:00:00,2026-02-10T00:00:00,
antioch-police-department,citizenrims,39,0,0,,,
san-rafael-police-department,nixle,0,0,0,,,
santa-clara-police-department,socrata,0,0,0,,,
tracy-police-department,rave,1,0,0,,,
napa-county-district-attorney,civicplus,24,0,0,2024-04-05T00:00:00,2026-02-17T00:00:00,
mammoth-lakes-police-department,civicplus,0,0,0,,,
port-hueneme-police-department,civicplus,3,0,0,2026-01-21T00:00:00,2026-02-19T00:00:00,
yuba-county-sheriffs-department,citizenrims,0,0,0,,,
santa-ana-police-department,rave,0,0,0,,,
trinity-county-district-attorney,civicplus,10,0,0,2023-05-08T00:00:00,2026-02-19T00:00:00,
arcata-police-department,citizenrims,0,0,0,,,
napa-county-sheriffs-department,civicplus,24,0,0,2024-04-05T00:00:00,2026-02-17T00:00:00,
concord-police-department,civicplus,8,0,0,2025-08-28T00:00:00,2026-02-20T00:00:00,
santa-monica-police-department,arcgis,0,0,0,,,
ca-department-of-fish-and-wildlife,arcgis,0,0,0,,,
manteca-police-department,citizenrims,0,0,0,,,
red-bluff-police-department,citizenrims,0,0,0,,,
farmersville-police-department,civicplus,4,0,0,2011-10-28T00:00:00,2026-02-12T00:00:00,
humboldt-county-sheriffs-office,citizenrims,0,0,0,,,
trinity-county-sheriffs-department,civicplus,10,0,0,2023-05-08T00:00:00,2026-02-19T00:00:00,
arroyo-grande-police-department,civicplus,0,0,0,,,
king-city-police-department,civicplus,10,0,0,2016-11-22T00:00:00,2026-02-02T00:00:00,
napa-police-department,civicplus,7,0,0,2024-10-10T00:00:00,2026-02-04T00:00:00,
marina-department-of-public-safety,civicplus,3,0,0,2025-10-07T00:00:00,2026-02-19T00:00:00,
atascadero-police-department,arcgis,0,0,0,,,
corcoran-police-department,citizenrims,0,0,0,,,
santa-rosa-police-department,civicplus,100,0,0,2025-09-04T00:00:00,2026-02-17T00:00:00,
contra-costa-county-district-attorney,civicplus,500,0,0,2023-12-14T00:00:00,2026-02-20T00:00:00,
kingsburg-police-department,civicplus,2,0,0,2024-07-15T00:00:00,2025-02-27T00:00:00,
nevada-city-police-department,civicplus,3,0,0,2025-07-09T00:00:00,2026-02-18T00:00:00,
scotts-valley-police-department,citizenrims,0,0,0,,,
ca-department-of-consumer-affairs-division-of-investigation,rave,0,0,0,,,
fortuna-police-department,citizenrims,0,0,0,,,
tuolumne-county-sheriffs-department,citizenrims,0,0,0,,,
atherton-police-department,citizenrims,0,0,0,,,
corning-police-department,citizenrims,0,0,0,,,
la-habra-police-department,civicplus,1,0,0,2025-12-17T00:00:00,2025-12-17T00:00:00,
seaside-police-department,civicplus,0,0,0,,,
fountain-valley-police-department,civicplus,3,0,0,2026-02-19T00:00:00,2026-02-19T00:00:00,
mariposa-county-district-attorney,civicplus,5,0,0,2018-10-03T00:00:00,2026-01-16T00:00:00,
richmond-police-department,civicplus,12,0,0,2022-08-16T00:00:00,2026-02-18T00:00:00,
coronado-police-department,citizenrims,0,0,0,,,
auburn-police-department,citizenrims,0,0,0,,,
tustin-police-department,civicplus,21,0,0,2022-06-07T00:00:00,2026-02-19T00:00:00,
nevada-county-district-attorney,civicplus,200,0,0,2022-03-18T00:00:00,2026-02-20T00:00:00,
lake-county-district-attorney,civicplus,9,0,0,2016-11-22T00:00:00,2026-02-11T00:00:00,
sebastopol-police-department,citizenrims,0,0,0,,,
fresno-police-department,arcgis,0,0,0,,,
san-diego-police-department,arcgis,0,0,0,,,
mariposa-county-sheriffs-department,civicplus,5,0,0,2018-10-03T00:00:00,2026-01-16T00:00:00,
uc-irvine-police-department,citizenrims,0,0,0,,,
avenal-police-department,civicplus,3,0,0,2025-05-14T00:00:00,2025-05-14T00:00:00,
lake-county-sheriffs-department,civicplus,0,0,0,,,
newark-police-department,citizenrims,0,0,0,,,
nevada-county-sheriffs-department,civicplus,200,0,0,2022-03-18T00:00:00,2026-02-20T00:00:00,
campbell-police-department,civicplus,0,0,0,,,
martinez-police-department,citizenrims,0,0,0,,,
gilroy-police-department,civicplus,0,0,0,,,
rio-dell-police-department,civicplus,5,0,0,2023-05-08T00:00:00,2026-02-20T00:00:00,
willits-police-department,civicplus,5,0,0,2023-08-10T00:00:00,2026-02-13T00:00:00,
costa-mesa-police-department,arcgis,0,0,0,,,
newport-beach-police-department,arcgis,0,0,0,,,
shafter-police-department,citizenrims,0,0,0,,,
ripon-police-department,citizenrims,0,0,0,,,
azusa-police-department,civicplus,0,0,0,,,
mcfarland-police-department,civicplus,3,0,0,2025-04-28T00:00:00,2026-02-13T00:00:00,
uc-riverside-police-department,citizenrims,0,0,0,,,
uc-san-diego-police-department,citizenrims,0,0,0,,,
bakersfield-police-department,arcgis,0,0,0,,,
cotati-police-department,civicplus,3,0,0,2026-02-05T00:00:00,2026-02-12T00:00:00,
la-mesa-police-department,civicplus,4,0,0,2022-11-10T00:00:00,2026-02-17T00:00:00,
sierra-county-sheriffs-office,civicplus,4,0,0,2025-12-10T00:00:00,2026-02-05T00:00:00,
uc-san-francisco-police-department,citizenrims,0,0,0,,,
baldwin-park-police-department,civicplus,4,0,0,2026-02-11T00:00:00,2026-02-19T00:00:00,
mendocino-county-sheriffs-department,nixle,1,0,0,,,
covina-police-department,nixle,1,0,0,,,
riverside-county-sheriffs-office,civicplus,42,0,0,2025-12-27T00:00:00,2026-02-20T00:00:00,
la-palma-police-department,civicplus,3,0,0,2026-01-15T00:00:00,2026-02-05T00:00:00,
orinda-police-department,civicplus,6,0,0,2025-11-17T00:00:00,2026-02-19T00:00:00,
siskiyou-county-sheriffs-department,citizenrims,0,0,0,,,
gridley-police-department,citizenrims,0,0,0,,,
uc-santa-cruz-police-department,citizenrims,0,0,0,,,
central-marin-police-authority,civicplus,0,0,0,,,
riverside-police-department,arcgis,0,0,0,,,
csu-channel-islands-university-police-department,citizenrims,0,0,0,,,
oroville-police-department,citizenrims,0,0,0,,,
menlo-park-police-department,citizenrims,0,0,0,,,
ceres-police-department,civicplus,7,0,0,2025-02-04T00:00:00,2026-01-09T00:00:00,
banning-police-department,civicplus,3,0,0,2024-01-08T00:00:00,2024-01-08T00:00:00,
rocklin-police-department,citizenrims,0,0,0,,,
union-city-police-department,civicplus,3,0,0,2026-01-30T00:00:00,2026-02-12T00:00:00,
csu-chico-university-police-department,citizenrims,0,0,0,,,
pacifica-police-department,citizenrims,0,0,0,,,
bear-valley-police-department,nixle,1,0,0,,,
south-lake-tahoe-police-department,citizenrims,0,0,0,,,
grover-beach-police-department,civicplus,20,0,0,2024-03-11T00:00:00,2026-02-19T00:00:00,
gustine-police-department,citizenrims,0,0,0,,,
la-verne-police-department,nixle,7,0,0,2024-12-08T00:00:00,2026-02-13T00:00:00,
csu-fullerton-university-police-department,citizenrims,0,0,0,,,
rohnert-park-department-of-public-safety,civicplus,19,0,0,2025-06-30T00:00:00,2026-02-17T00:00:00,
beaumont-police-department,civicplus,0,0,0,,,
merced-county-district-attorney,civicplus,31,0,0,2021-01-22T00:00:00,2026-02-11T00:00:00,
lincoln-police-department,citizenrims,0,0,0,,,
hanford-police-department,citizenrims,0,0,0,,,
merced-county-sheriffs-department,civicplus,31,0,0,2021-01-22T00:00:00,2026-02-11T00:00:00,
belmont-police-department,citizenrims,0,0,0,,,
south-pasadena-police-department,nixle,10,0,0,,,
daly-city-police-department,civicplus,0,0,0,,,
lodi-police-department,civicplus,3,0,0,2025-09-02T00:00:00,2026-02-19T00:00:00,
south-san-francisco-police-department,citizenrims,0,0,0,,,
alameda-police-department,rave,0,0,0,,,
chino-police-department,civicplus,12,0,0,2016-11-22T00:00:00,2026-02-17T00:00:00,
mill-valley-police-department,civicplus,48,0,0,2023-06-20T00:00:00,2026-02-19T00:00:00,
vacaville-police-department,citizenrims,0,0,0,,,
sacramento-police-department,socrata,0,0,0,,,
danville-police-department,civicplus,5,0,0,2025-12-01T00:00:00,2026-02-12T00:00:00,
stockton-police-department,arcgis,0,0,0,,,
berkeley-police-department,nixle,1,0,0,,,
pasadena-police-department,nixle,3,0,0,2023-04-20T13:23:28-07:00,2025-02-06T14:15:08-08:00,
healdsburg-police-department,citizenrims,0,0,0,,,
chowchilla-police-department,civicplus,3,0,0,2022-06-13T00:00:00,2025-02-27T00:00:00,
milpitas-police-department,civicplus,0,0,0,,,
delano-police-department,civicplus,0,0,0,,,
paso-robles-police-department,civicplus,99,0,0,2022-05-22T00:00:00,2026-02-20T00:00:00,
palo-alto-police-department,nixle,0,0,0,,,
suisun-city-police-department,citizenrims,0,0,0,,,
alameda-county-district-attorney,socrata,0,0,0,,,
hayward-police-department,nixle,0,0,0,,,
citrus-heights-police-department,civicplus,0,0,0,,,
hillsborough-police-department,citizenrims,0,0,0,,,
modesto-police-department,civicplus,13,0,0,2020-12-04T00:00:00,2026-02-19T00:00:00,
san-bernardino-police-department,civicplus,0,0,0,,,
ventura-police-department,arcgis,0,0,0,,,
del-norte-county-sheriffs-department,citizenrims,0,0,0,,,
los-alamitos-police-department,civicplus,12,0,0,2016-11-22T00:00:00,2026-01-20T00:00:00,
susanville-police-department,citizenrims,0,0,0,,,
hollister-police-department,nixle,1,0,0,,,
san-bruno-police-department,citizenrims,0,0,0,,,
wasco-police-department,citizenrims,0,0,0,,,
los-altos-police-department,civicplus,6,0,0,2023-05-08T00:00:00,2026-01-14T00:00:00,
mono-county-sheriffs-department,citizenrims,0,0,0,,,
ventura-county-sheriffs-department,nixle,3,0,0,,,
east-bay-regional-parks-district-department-of-public-safety,nixle,1,0,0,,,
pismo-beach-police-department,citizenrims,0,0,0,,,
alhambra-police-department,civicplus,0,0,0,,,
long-beach-police-department,rave,0,0,0,,,
humboldt-county-district-attorney,civicplus,100,0,0,2017-05-05T00:00:00,2026-02-09T00:00:00,
clayton-police-department,nixle,6,0,0,,,
brea-police-department,civicplus,11,0,0,2022-03-15T00:00:00,2026-02-17T00:00:00,
watsonville-police-department,civicplus,17,0,0,2021-10-28T00:00:00,2026-02-20T00:00:00,
taft-police-department,citizenrims,0,0,0,,,
placentia-police-department,civicplus,3,0,0,2026-01-27T00:00:00,2026-02-05T00:00:00,
san-diego-county-sheriffs-department,nixle,0,0,0,,,
